{
  "project_info": {
    "project_number": "273290183681",
    "project_id": "gisapp1",
    "storage_bucket": "gisapp1.firebasestorage.app"
  },
  "client": [
    {
      "client_info": {
        "mobilesdk_app_id": "1:273290183681:android:08a0f31ec4571ff3322c00",
        "android_client_info": {
          "package_name": "com.example.gisapp1"
        }
      },
      "oauth_client": [],
      "api_key": [
        {
          "current_key": "AIzaSyDSlGjYgEXpV6n0HV8TkRMVIh9cQHDqg-U"
        }
      ],
      "services": {
        "appinvite_service": {
          "other_platform_oauth_client": []
        }
      }
    }
  ],
  "configuration_version": "1"
}